team,team_name,year,Week 1,Week 2,Week 3,Week 4,Week 5,Week 6,Week 7,Week 8,Week 9,Week 10,Week 11,Week 12,Week 13,Week 14,Week 15,Week 16,Week 17
Arizona,Cardinals,2006,63407,67470,63278,68981,63445,63977,61595,70809,NA,63926,63348,63483,65612,63603,63845,67751,66492
Arizona,Cardinals,2013,55279,60034,73057,44956,60426,69732,61200,60671,NA,60845,59862,60882,69144,60643,69143,68266,63570
Arizona,Cardinals,2015,62903,62351,63663,63146,60816,63846,64722,67431,NA,69005,64745,70799,51115,64784,69596,64878,64646
Arizona,Cardinals,2016,64864,64230,68647,64622,70178,64709,65089,74088,NA,65127,66808,69233,64939,65750,65072,69050,80729
Arizona,Cardinals,2018,61613,66515,62163,61845,68337,66801,62359,61923,NA,76712,62435,25343,77234,62014,72084,61759,68990
Atlanta,Falcons,2004,65584,70822,70534,73461,70434,70187,78260,75083,NA,70810,78793,70521,65556,70616,70845,64900,66740
Atlanta,Falcons,2014,70706,58574,70318,52173,80307,70712,71184,83532,NA,57751,73314,70046,69557,77512,71161,73164,71015
Atlanta,Falcons,2019,66714,72443,60295,72108,71787,60140,71856,71483,NA,73283,73106,71463,71993,70592,70910,70873,50417
Baltimore,Ravens,2015,76798,53500,70970,63929,71046,70799,64722,70829,NA,70837,71105,64380,64519,71179,70791,71261,57254
Buffalo,Bills,2003,73262,58613,73458,73305,72615,77740,73149,78689,NA,63770,72677,73004,78481,72791,68809,73319,68436
Buffalo,Bills,2005,71781,64777,72032,58688,72160,72045,42779,68756,NA,72093,65602,71440,72051,71810,71887,65485,76822
Buffalo,Bills,2009,68756,70318,70261,65523,70526,76048,73497,69790,NA,69143,47757,70155,51567,68668,70000,68887,69848
Buffalo,Bills,2014,62425,69954,68611,71756,62775,70185,68477,78160,NA,68119,71573,56044,68576,76913,70214,53436,68756
Carolina,Panthers,2002,70386,71951,63945,63329,72286,61773,68056,72892,NA,72566,65527,72533,72718,66799,58586,72602,66946
Carolina,Panthers,2006,73522,63623,65423,73392,73520,70762,65964,73682,NA,73573,73348,85450,69098,73702,73798,68834,69569
Carolina,Panthers,2008,67115,73828,62628,72688,72319,64211,73687,72010,NA,47888,73349,64841,70297,74113,73690,78653,69999
Carolina,Panthers,2011,60627,73167,71704,62135,72679,69047,73245,72095,NA,72409,63633,63928,56270,72680,71540,70363,73065
Chicago,Bears,2000,64104,65569,66944,66944,59869,66944,66944,65553,NA,66944,72420,66944,77354,66944,66944,68306,71957
Chicago,Bears,2007,67837,62095,62099,60811,70904,62174,67806,62171,NA,62715,68249,62148,62244,82213,63800,62272,62064
Chicago,Bears,2014,62425,70799,78160,61736,73659,70712,62413,68756,NA,78292,61792,61109,64175,61558,60996,61420,52364
Chicago,Bears,2016,71933,62268,90554,60841,66622,61054,78217,60422,NA,62898,78898,59494,59782,61726,61137,57953,66808
Chicago,Bears,2017,61857,56640,61172,78362,61834,70616,61256,73192,NA,61285,60635,69596,61302,52002,65872,58796,66802
Cincinnati,Bengals,2016,78160,65072,63850,60834,91653,66829,65047,84488,NA,76218,61356,70903,55456,60028,62096,71836,54944
Cincinnati,Bengals,2018,58699,50018,72161,71985,52708,60594,75676,45134,NA,52492,70077,56122,44392,25358,44568,67431,63874
Cincinnati,Bengals,2019,68710,50666,69448,57959,46012,70051,42784,83720,NA,45918,51921,47423,39804,67431,57066,60968,47759
Cleveland,Browns,2003,73358,69473,67412,73428,64595,73318,73238,68436,NA,78560,72908,73658,64680,73108,75358,72548,65362
Cleveland,Browns,2009,70560,73931,70950,69844,70526,64398,69797,62262,NA,69023,43170,64553,67978,69009,53315,67964,66935
Cleveland,Browns,2017,67431,70605,63351,67431,62032,71815,59061,74237,NA,64646,57003,51710,25320,67431,56434,58796,50704
Dallas,Cowboys,2005,67679,65207,68247,62400,63199,62278,67046,62068,NA,67739,62670,63273,78645,63432,90588,73436,63131
Denver,Broncos,2000,65956,75466,62078,74596,75684,56079,75811,61603,NA,78305,75951,75218,68661,64900,75218,78406,76098
Denver,Broncos,2002,75710,67685,75359,69538,75065,75941,78446,68436,NA,76643,65495,75075,66357,78521,75947,62592,75164
Denver,Broncos,2005,72324,75310,76381,66045,75880,76571,78516,76530,NA,62779,76255,63273,78261,75651,71887,76212,65513
Denver,Broncos,2010,63636,75130,76401,69143,71246,75982,75835,83941,NA,75334,68482,72736,67267,62223,44246,73691,74155
Denver,Broncos,2013,76977,81285,76978,77002,92758,76862,67196,77031,NA,68847,77076,68756,77065,76554,76497,71761,51500
Detroit,Lions,2011,51274,60040,62466,78122,67861,62061,63625,74977,NA,62396,63633,66263,73042,63988,59069,62469,70294
Detroit,Lions,2013,62461,60034,80111,64552,78200,71513,63207,64379,NA,62431,57905,62098,64934,69144,64742,63996,64134
Detroit,Lions,2014,64401,73586,62418,78160,62775,52213,63271,83532,NA,63179,62487,68756,64175,61489,62490,61420,78408
Detroit,Lions,2015,66093,52319,62920,69005,60816,57648,60231,83624,NA,78526,60202,64445,63207,51202,73017,61313,61177
Green Bay,Packers,2004,73656,70688,57280,70623,70420,62938,70679,89295,NA,70671,70769,70385,67723,70497,70437,64311,62197
Green Bay,Packers,2014,68424,78041,62418,61736,78054,70875,78106,73146,NA,78292,78270,52386,78431,77512,70214,64247,78408
Houston,Texans,2015,71776,73254,71718,69904,71732,58085,65251,71630,NA,61381,71718,71778,68544,71908,66083,62153,71899
Houston,Texans,2016,71933,71890,66829,71815,66683,71891,76865,71882,NA,62091,76473,71897,77867,65250,71803,71836,65205
Indianapolis,Colts,2018,58699,57013,69696,57716,65878,77982,56848,54372,NA,57473,57401,57069,67030,71814,66654,61738,68978
Jacksonville,Jaguars,2004,72389,69127,68932,73114,52101,66413,56615,70502,NA,66431,69703,64004,76877,67572,70437,66227,41112
Jacksonville,Jaguars,2010,63636,62691,63256,63111,58304,63625,69105,81395,NA,62340,62254,78533,69143,62570,67147,63470,71023
Jacksonville,Jaguars,2011,61619,78834,71704,62471,61799,62934,62976,71412,NA,64619,63498,62004,62743,62562,68856,69143,62481
Jacksonville,Jaguars,2013,59416,49400,68087,59695,54266,76862,59550,83559,NA,69143,59862,71659,69654,60414,60085,60559,66008
Jacksonville,Jaguars,2018,77992,68527,64015,65353,75289,90767,66534,85870,NA,57473,67683,57799,67030,60344,67577,65798,71848
Kansas City,Chiefs,2002,72938,77934,68436,78178,78149,58995,78446,78685,NA,67881,77951,56250,77809,78601,75947,77899,62078
Kansas City,Chiefs,2003,78048,78416,70487,69459,78903,70407,62391,78689,NA,78560,64923,78889,57671,76403,77922,64291,78413
Kansas City,Chiefs,2015,71776,76404,78214,57498,75799,52480,76365,83624,NA,76973,65837,72493,55010,72314,70791,69115,76114
Los Angeles,Chargers,2017,76324,25381,25386,25374,77373,54685,25388,65878,NA,60835,25015,93012,25320,25393,75011,77562,25430
Los Angeles,Rams,2019,72005,71460,67431,68117,68988,75695,71856,83720,NA,63627,70758,72409,60944,71501,90436,70103,68665
Miami,Dolphins,2007,90163,71615,77197,70621,70156,73198,71951,81176,NA,70615,68934,57704,71109,71018,70287,68756,70461
Minnesota,Vikings,2009,70560,56269,63398,63846,60166,63689,65597,71213,NA,63854,63854,63854,64121,63854,73515,62479,63854
Minnesota,Vikings,2011,66716,62461,62466,72931,62479,62322,63946,72095,NA,70519,62748,68115,62939,63988,62623,68370,62867
Minnesota,Vikings,2017,66606,65971,66390,66730,61834,66848,66751,74237,NA,74476,66809,66613,71185,73728,66833,78092,66802
New England,Patriots,2000,60292,77687,60292,73344,75684,60292,60292,56828,NA,60292,72618,60292,77923,60292,66944,47230,60292
New England,Patriots,2012,69143,68756,71269,70684,68756,68137,68752,84004,NA,68756,68756,79088,72114,68756,68756,70251,68756
New England,Patriots,2016,64864,66829,66829,66829,67431,66829,66009,70442,NA,66829,70178,78160,66829,66829,76893,66829,66163
New England,Patriots,2017,65878,73168,65878,65878,64476,77562,65878,65878,NA,76820,77357,65878,68499,65548,68574,65878,65878
New Orleans,Saints,2002,65554,67958,63216,60023,67734,80768,67903,67883,NA,72566,70382,68295,68226,69334,67851,43544,66946
New Orleans,Saints,2008,69881,88246,75713,70008,70015,70068,73687,83226,NA,64826,74159,70668,64430,70011,61692,49309,69999
New Orleans,Saints,2019,73039,71460,69005,73086,73029,64341,62306,73064,NA,73283,54333,73068,71993,73038,73053,66756,72203
New York,Giants,2007,63031,78701,90803,78862,78809,69828,78912,81176,NA,78964,60675,78591,62244,68594,77899,71302,79110
New York,Giants,2013,85348,81285,73748,73386,80738,62374,79314,69144,NA,80366,79114,80499,75220,65132,79691,63996,80177
New York,Giants,2018,77992,90512,71838,78213,74221,77167,72756,77537,NA,69409,75863,69696,76465,57437,74538,61738,77750
New York,Jets,2006,69143,77595,72067,77190,66604,77439,76953,72507,NA,68756,77632,76596,70527,77131,63677,73500,78039
New York,Jets,2009,70118,78312,75863,70009,69767,76048,39354,77531,NA,76313,68756,76381,51567,62731,76866,67222,79106
New York,Jets,2012,79088,64511,60102,79088,79088,79088,68752,79088,NA,67841,57711,79088,79088,67027,69143,79088,54533
Oakland,Raiders,2009,61940,69169,45602,70291,79012,49642,39354,67016,NA,40720,34112,83489,61820,44506,74502,67964,38400
Philadelphia,Eagles,2006,70180,69241,68166,69222,69268,68269,65808,69249,NA,69143,69232,57296,69098,84164,78657,62839,69341
Philadelphia,Eagles,2018,69696,56552,69696,69013,69696,77167,69696,85870,NA,69696,73042,69696,69696,93127,74210,69696,63188
Pittsburgh,Steelers,2017,67431,65971,61172,71126,66237,76994,65363,64983,NA,66146,60703,62147,56029,60069,68574,71842,50704
San Diego,Chargers,2008,67115,75915,68922,61808,65063,68704,71602,83226,NA,67510,62051,68428,67200,68097,73842,64778,69131
San Francisco,49ers,2008,67186,67951,67249,70008,67650,67640,78676,67504,NA,64519,67573,63272,70988,67782,65893,54948,67519
San Francisco,49ers,2010,67044,69732,68188,66874,69732,69732,72741,83941,NA,69732,69732,62308,70575,69732,67820,52820,69732
San Francisco,49ers,2012,70523,69732,57288,79088,69732,69732,69732,62810,NA,69732,69732,73147,57279,69732,68756,68161,69732
San Francisco,49ers,2013,69732,68338,69732,56640,69732,69732,69143,83559,NA,69732,73025,79773,69732,69732,64142,69732,63570
Seattle,Seahawks,2015,51792,78433,69002,69005,65004,69020,70799,91486,NA,69005,68993,69055,52430,71179,69002,69080,64646
St. Louis,Rams,2005,67918,45160,65835,78453,65707,57307,64586,65251,NA,67192,65750,70010,65701,64005,65382,65473,63131
St. Louis,Rams,2007,65307,65295,65267,62866,61788,71175,68164,62777,NA,70003,68039,65423,62051,65143,66008,65705,64671
St. Louis,Rams,2009,67610,87780,60234,69732,60166,42088,60108,40857,NA,59858,59839,47475,61892,69143,46256,62624,47965
St. Louis,Rams,2010,52440,48396,52370,52326,55714,52472,42020,52281,NA,69732,53005,72736,61874,70015,55669,52820,67325
St. Louis,Rams,2012,62315,53979,62224,53193,54653,52983,64359,84004,NA,69732,57711,60062,57279,68109,55751,51535,67936
Tennessee,Titans,2003,68809,56999,68809,63244,68436,68809,72851,55918,NA,68809,68809,70891,77710,68809,68809,70758,68809
Tennessee,Titans,2004,69987,68932,68932,54006,70420,68932,64108,68932,NA,68932,69703,70721,57278,68932,44299,68809,68809
Tennessee,Titans,2010,69143,69143,78386,69143,90616,63625,69143,59260,NA,65585,69143,70855,69143,69143,69143,65606,67188
Tennessee,Titans,2014,73569,69143,56743,64757,69143,69143,75227,69143,NA,70914,69143,69596,71714,69143,69143,61202,69143
Washington,Redskins,2001,60629,59771,76573,78651,63941,74480,80316,82352,NA,74622,65666,85112,40056,84936,78884,70020,61721
Washington,Redskins,2010,90670,88240,52370,69144,87760,87883,62155,46329,NA,84912,69143,83602,78861,66124,86904,63470,76189
Washington,Redskins,2016,79124,80612,78368,76249,71318,78934,60461,84488,NA,78216,77137,93099,64939,69596,76689,57953,79471
Arizona,Cardinals,2000,77434,66009,NA,71801,66985,44296,38293,62981,35286,52244,64223,65356,42094,50289,53472,37452,65711
Arizona,Cardinals,2001,NA,50913,28878,66360,66944,35916,63114,33430,36917,32322,49398,46601,40056,77913,48883,72025,61721
Arizona,Cardinals,2009,61981,46520,62692,NA,61819,67588,78299,62031,62309,62278,59839,69143,64121,69732,40577,62624,67597
Arizona,Cardinals,2014,61292,78344,61572,NA,76895,61139,52101,61789,85688,61363,62487,68327,69557,62387,55880,63806,70699
Arizona,Cardinals,2019,60687,70126,60104,60500,46012,60140,73577,73064,60986,40038,69419,NA,60944,63880,63345,69022,68665
Atlanta,Falcons,2000,54626,75466,73025,58761,65424,50947,66019,56508,46178,70097,74309,67447,55175,44680,NA,64900,41017
Atlanta,Falcons,2002,63127,68081,68129,NA,68936,78728,68056,67883,68532,62779,70382,72533,63947,65648,69551,69307,73528
Atlanta,Falcons,2009,67606,67313,68756,NA,69732,68082,81521,70088,67982,73239,78491,67029,69560,68930,76866,68887,62578
Atlanta,Falcons,2016,69382,54081,73003,70508,76802,69071,69832,70165,57797,69596,NA,69233,69879,82495,70164,73549,70835
Baltimore,Ravens,2000,55049,68843,73464,68481,73018,65194,83252,69200,69405,54759,68490,69416,68361,NA,68805,37452,69184
Baltimore,Ravens,2001,69365,51121,75082,69494,59866,72818,69439,62906,68798,69353,53530,69382,NA,69506,68987,65619,69465
Baltimore,Ravens,2002,70386,69304,NA,69538,73688,56174,69173,69638,68532,69024,73013,69365,44878,69334,70108,69348,61961
Baltimore,Ravens,2005,70501,69149,NA,70479,61201,70196,62102,64178,70540,66107,70601,65680,69909,75651,70604,70246,69871
Baltimore,Ravens,2008,70978,NA,71104,64038,71131,66153,64972,71254,73078,70552,78849,71379,63871,71438,71502,63800,71366
Baltimore,Ravens,2014,70925,71181,67407,71218,65258,60041,71184,55711,63971,70914,NA,73373,71060,70244,70801,71771,71070
Buffalo,Bills,2000,72492,77722,77884,NA,72617,73901,72351,64116,72861,60292,72420,78457,65546,73002,56671,47230,61025
Buffalo,Bills,2004,72389,53610,NA,72698,77976,72714,69809,65887,72574,68756,72393,66271,73084,72330,65378,63248,73414
Buffalo,Bills,2013,69519,67819,76957,68296,71239,67739,60592,72405,68159,60406,68036,NA,38969,59194,60085,54305,68756
Buffalo,Bills,2018,70591,69187,66800,78312,68202,71638,56848,70109,68749,77982,NA,57799,65155,59119,59110,65878,67420
Carolina,Panthers,2000,80257,66879,73025,NA,73310,72192,50015,73169,46178,66048,72981,64208,73295,73358,77481,72159,60637
Carolina,Panthers,2001,64108,47804,73120,66944,72049,74480,72642,72597,66069,72665,72234,70020,44549,NA,72438,72025,71907
Carolina,Panthers,2003,72134,65621,NA,72765,72496,57082,72851,68370,70052,73245,73263,63871,72977,70079,23217,72835,78130
Carolina,Panthers,2004,73656,78136,NA,73461,75072,67707,73096,66214,73518,63618,72796,73124,58878,73306,70845,65380,73302
Carolina,Panthers,2009,73599,67313,90588,NA,73487,62422,73497,62031,70011,73239,73475,76381,72455,68756,73515,78809,73047
Carolina,Panthers,2013,73294,67819,73748,NA,60426,63963,72686,59073,73720,69732,74225,60156,72795,73089,73251,73825,70427
Carolina,Panthers,2014,62442,73586,73945,71218,73659,57053,78106,74042,73663,69596,73314,NA,52016,73006,72842,73810,71015
Carolina,Panthers,2017,70178,74122,73775,65878,64288,74373,61256,58545,74244,72790,NA,77562,73171,73728,74447,71463,74141
Carolina,Panthers,2018,74532,72528,72161,NA,74221,60482,69696,73843,73513,62881,61999,74002,52568,59392,74188,73722,73028
Chicago,Bears,2001,69365,66944,NA,46483,66944,63408,66944,66944,66944,65612,64214,66944,59869,66944,78884,76067,66944
Chicago,Bears,2003,67554,64144,NA,60257,61099,68390,65671,61428,61500,61492,61820,75540,61550,70458,61804,50127,78413
Chicago,Bears,2005,90138,62019,62045,NA,73079,62143,62102,61814,32637,62153,62156,65506,62177,61237,62170,69757,64023
Cincinnati,Bengals,2000,NA,64006,45653,68481,61535,63406,54328,61603,73118,54759,62170,60292,63925,50289,68498,50469,64902
Cincinnati,Bengals,2013,62213,64585,64633,71481,64259,67739,63207,62576,52388,70992,63856,NA,61536,62507,45873,61555,62406
Cincinnati,Bengals,2014,70925,58574,56743,NA,68756,57053,66539,55711,60057,65871,73073,71777,56340,65512,67431,66107,64697
Cleveland,Browns,2000,72418,64006,73018,45702,73018,44296,75811,57659,73118,72718,72618,68498,68361,51262,72318,72318,NA
Cleveland,Browns,2005,73013,70400,57127,NA,73079,70196,72923,70064,72594,63491,72773,63814,70941,65788,41862,73136,69871
Cleveland,Browns,2014,64598,67407,67407,NA,69143,67431,61341,67431,67431,65871,67431,70046,68576,67431,67431,73810,71070
Cleveland,Browns,2015,78160,67431,67431,63710,71046,67431,51523,67431,65816,64402,NA,64380,64775,63916,69002,69115,66693
Cleveland,Browns,2016,69596,67431,65176,76249,67431,60897,65047,67431,67431,70921,67431,60034,NA,60028,66529,57272,55921
Cleveland,Browns,2018,67431,73086,67431,53387,67431,67431,53682,63780,67431,62144,NA,56122,71741,59392,76596,67431,70925
Dallas,Cowboys,2003,64104,78907,NA,77863,63601,63648,61160,65602,64002,63770,68436,63871,64110,69773,70284,64118,68451
Dallas,Cowboys,2004,64105,63119,90367,NA,64018,64162,70679,63616,65721,64190,69924,64026,68093,64056,67723,63705,78500
Dallas,Cowboys,2006,67164,63152,NA,69143,69268,63186,63512,73682,90250,63926,63706,63183,78666,63722,71102,62839,63008
Dallas,Cowboys,2010,90670,85168,71456,NA,90616,64120,91375,81395,70913,80851,81261,93985,67471,85673,86904,66971,69144
Dallas,Cowboys,2013,85348,76952,80848,68601,92758,90239,69144,64379,85360,73018,NA,80499,87572,62229,91054,80411,91166
Dallas,Cowboys,2014,91174,69143,58739,91176,91159,68432,91028,87055,85688,83603,NA,80520,91379,61558,69596,91899,80897
Denver,Broncos,2001,75735,50913,75082,75037,61837,67521,74750,62637,74951,74622,64104,73938,74524,77778,NA,75582,56192
Denver,Broncos,2006,65577,76786,68756,NA,76355,76691,73024,76767,64661,62094,76723,79484,76146,67514,63845,75759,75555
Denver,Broncos,2014,76939,76900,68447,NA,76895,78160,77047,76907,68756,54803,59401,76987,76894,76913,68682,66107,76929
Denver,Broncos,2016,76843,76379,63850,60375,76802,58904,76865,76756,54957,73138,NA,76819,63075,68780,76893,76671,76836
Detroit,Lions,2001,59523,73168,NA,77765,64048,76940,69343,67605,74268,32322,77730,66944,65514,72190,62809,76067,77512
Detroit,Lions,2004,61535,61465,62472,NA,70434,62938,78841,63616,62657,66431,64156,63107,62262,70497,62337,61924,68809
Detroit,Lions,2005,61877,62019,NA,64994,61201,61083,72923,61814,63813,61091,62670,62390,61375,70019,61749,63747,63794
Detroit,Lions,2008,62310,60285,67249,NA,59790,62867,70081,54312,62188,52631,73349,49096,60112,50444,66281,49309,70141
Green Bay,Packers,2013,69732,78020,64633,NA,78200,71319,77804,64134,78122,78011,79114,77871,64934,77550,91054,77999,62708
Green Bay,Packers,2016,63179,66813,78411,NA,78401,78481,78217,70165,78437,69116,77137,69596,77867,78057,61137,77856,66345
Green Bay,Packers,2019,62435,78416,78078,77509,93024,76947,78160,73558,25435,78090,NA,71500,75950,77296,78266,67157,62840
Houston,Texans,2005,71781,70742,NA,65714,70430,66196,70621,70064,64613,57209,70481,70010,69909,69149,70024,70025,67970
Houston,Texans,2008,64001,NA,69143,64061,70118,70023,70081,70112,62839,70552,66201,72077,70809,70245,70831,43687,70838
Houston,Texans,2011,71444,51032,73002,71585,71420,71154,69143,71412,71511,56037,NA,62004,71545,41202,71540,64159,71512
Indianapolis,Colts,2000,78357,56769,NA,56816,72617,60292,63593,56828,56971,66944,56657,59869,56935,78138,56671,73884,56672
Indianapolis,Colts,2001,78606,56135,60292,NA,56972,56022,74212,63786,57127,70020,56393,69382,73858,55603,56302,66084,56192
Indianapolis,Colts,2002,56595,56650,69204,NA,56570,56174,62800,80169,56752,65660,57057,75075,56820,68804,73098,56579,56755
Indianapolis,Colts,2008,66822,63585,65938,NA,70118,66153,71010,69143,66508,64043,66201,68428,72411,66402,66281,65648,66721
Indianapolis,Colts,2011,71444,65035,66309,63972,65088,52068,73012,69143,65218,64619,NA,63928,68756,71187,64271,64159,62481
Indianapolis,Colts,2012,62341,63912,63536,NA,67020,79088,64560,69143,66479,63272,68756,64366,63887,64688,71702,62938,66957
Indianapolis,Colts,2017,60128,63137,63351,68872,65612,63888,63104,57901,71709,66146,NA,62207,61207,60222,63411,70590,60557
Jacksonville,Jaguars,2002,56595,77934,NA,55670,65005,68804,69173,53721,78337,66665,69711,62204,55260,46267,42092,51033,56755
Jacksonville,Jaguars,2007,65437,61821,76463,NA,76917,63715,67164,65133,70009,69143,66732,64546,57302,66090,58793,66905,70660
Jacksonville,Jaguars,2014,69596,80037,60601,56553,66198,69143,61341,65633,60057,83603,NA,64328,64687,61070,70801,61202,71777
Kansas City,Chiefs,2006,77956,76786,NA,77609,63445,64727,77752,77645,66191,73132,78097,79484,71927,77232,66583,61446,77500
Kansas City,Chiefs,2010,71297,65377,68188,NA,66869,70926,69105,66625,61075,75334,66247,66370,67267,66780,55669,65606,67045
Kansas City,Chiefs,2018,25351,63956,76023,76656,75289,65878,75676,77103,67431,76712,77002,NA,54255,74336,75091,69067,77550
Kansas City,Chiefs,2019,60157,52748,73390,65188,73352,73323,76748,73558,73615,68864,76252,NA,73548,65878,73257,62213,73680
Los Angeles,Chargers,2019,25363,60158,25349,64278,25357,25425,62431,61632,25435,51954,76252,NA,74638,57866,25446,25380,73680
Los Angeles,Rams,2018,53857,66515,68947,72027,68893,76109,66597,75822,73086,72755,77002,NA,60974,61695,74210,61759,72161
Miami,Dolphins,2003,73010,77461,73458,NA,78863,66437,73650,73014,73258,68809,73333,73578,64110,68436,73780,73319,73720
Miami,Dolphins,2005,72324,77918,72288,NA,72160,65168,68350,61643,72187,73405,72773,49097,72051,65026,72650,72001,68756
Miami,Dolphins,2008,65859,63445,68756,NA,65063,70023,64972,65011,75499,64862,65113,67146,61046,52134,65893,73689,79454
Miami,Dolphins,2017,NA,25381,77562,84423,65135,70593,65025,70408,65139,72790,65089,65878,65092,65548,62202,65325,65571
Miami,Dolphins,2018,65184,77982,65667,65878,52708,65791,65265,71726,65533,78076,NA,57069,65155,66087,66841,65798,67420
Minnesota,Vikings,2000,64104,64112,60292,NA,76438,64162,66944,64116,65589,59854,64223,64208,63878,64214,66273,64183,56672
Minnesota,Vikings,2004,64105,67676,64163,NA,70718,64900,64108,64012,57307,70671,64156,64004,62051,64110,62337,64311,76876
Minnesota,Vikings,2010,70051,63846,63377,NA,77909,64120,71107,68756,64120,62206,64120,83602,64012,45910,40504,69144,57013
Minnesota,Vikings,2012,56607,63912,57288,63616,57652,78476,61068,60860,67584,64059,NA,62306,70567,64134,55751,71688,64134
Minnesota,Vikings,2019,66714,78416,66738,62131,75041,66837,60314,66776,73615,91188,66883,NA,69080,66776,25446,67157,66913
New England,Patriots,2001,51521,60292,60292,72713,60292,56022,74750,44229,60292,60292,60292,78712,60292,45527,60292,NA,71907
New England,Patriots,2004,68756,51557,NA,72698,68756,68756,68756,64737,66107,68756,78431,68756,73028,68756,73629,77975,68756
New England,Patriots,2008,68756,78554,68756,NA,67650,68704,68756,68756,66508,68756,68756,67146,68756,68077,62179,68756,71282
New England,Patriots,2015,66829,70858,66829,NA,93054,66726,66829,66829,66829,81061,66829,76970,66829,71908,66829,78160,62918
New England,Patriots,2018,65878,68527,61769,65878,65878,65878,62389,70109,65878,69363,NA,77982,65878,66087,65280,65878,65878
New Orleans,Saints,2001,71447,NA,78451,70020,72049,70020,66189,70020,68083,70020,60292,70020,68826,70332,65526,70020,70020
New Orleans,Saints,2007,57361,65178,70002,NA,70001,68296,69994,68244,70009,70003,70780,72032,70009,69553,70007,70011,62064
New Orleans,Saints,2011,70555,73019,73002,62471,72679,56590,73012,57179,73043,70359,NA,73068,73042,69143,62623,73084,73065
New Orleans,Saints,2015,62903,73006,73402,73009,69296,73018,66420,73019,73075,75086,NA,71778,73097,62138,73017,73064,69699
New York,Giants,2001,75735,77666,78451,78651,65992,78821,80316,78673,36917,64283,78756,NA,61821,77913,78119,65885,78601
New York,Giants,2003,78666,78907,84856,NA,78863,68436,78883,64114,78132,78813,67867,65648,78481,78217,68399,64118,78130
New York,Giants,2006,78622,69241,68161,NA,78653,70840,63512,78647,78485,78641,67164,69143,78666,73702,78657,78539,86141
New York,Giants,2008,79742,61377,79276,NA,79529,73102,78676,64991,78826,69144,78849,64541,85912,79003,63776,78653,63761
New York,Giants,2012,82287,76964,73951,69144,79911,69732,81352,94067,80991,56614,NA,80365,80246,81437,70741,71470,80657
New York,Giants,2015,93579,77678,76081,70677,78515,69296,80319,73019,64351,81061,NA,77367,80898,65408,79436,52455,78023
New York,Giants,2019,90353,74569,55070,74149,75041,65878,73577,58509,76107,78523,NA,61581,75950,69796,72894,66083,75029
New York,Jets,2001,78606,60292,78722,72654,78823,78766,72642,70020,78234,74259,NA,78712,62884,77745,56302,78200,62011
New York,Jets,2004,77230,57310,NA,73157,77976,78189,68756,78216,72574,77826,72547,35820,77875,63581,77894,77975,65877
New York,Jets,2014,78160,78041,78160,78160,63471,78160,68756,78160,74127,78160,NA,56044,78160,52152,69143,78160,70220
New York,Jets,2016,78160,70256,71587,78160,66385,64709,78160,67431,65722,78160,NA,78160,78160,70178,78160,66829,78160
New York,Jets,2017,68751,54729,77562,77562,62032,77562,65025,77562,77562,57911,NA,77562,77562,75518,73018,77562,65878
New York,Jets,2018,61352,77982,67431,65353,77982,77982,77982,61397,65533,77982,NA,77982,60904,59119,77982,77982,65878
New York,Jets,2019,78523,78523,65878,NA,69796,78523,78523,57833,59229,78523,56426,78523,39804,78523,70545,78523,69016
Oakland,Raiders,2002,53260,62260,NA,58719,73038,66070,60974,78685,62660,76643,62552,58814,62257,67968,73572,62592,62078
Oakland,Raiders,2006,62578,70744,NA,61426,68368,76691,61595,62385,67816,62094,78097,66105,46276,65882,50164,61446,78039
Philadelphia,Eagles,2000,62872,65530,59869,64900,65424,65491,38293,65553,78087,65636,56702,65356,83284,65639,72318,NA,64902
Philadelphia,Eagles,2003,67772,67624,NA,73305,67792,63648,78883,67853,70064,70291,67867,67802,72977,69773,73780,67866,76766
Philadelphia,Eagles,2009,73599,69144,69144,NA,69144,49642,88241,69144,69144,68879,62421,69144,69560,78780,69144,69144,100621
Philadelphia,Eagles,2013,82743,69144,69144,77002,80738,62505,69144,69144,51751,78011,69144,NA,69144,69144,64087,69144,91166
Philadelphia,Eagles,2016,69596,62268,69596,NA,58047,78934,69596,93103,80309,69596,69190,69596,55456,69596,71223,69596,69596
Pittsburgh,Steelers,2000,55049,NA,73018,51769,64351,78441,54328,57659,69405,68498,56702,50925,63925,55811,78164,58183,50809
Pittsburgh,Steelers,2001,63785,NA,72874,62335,78413,65588,63763,62906,73218,62644,68801,62661,62884,69506,62809,63751,59189
Pittsburgh,Steelers,2002,68436,62260,NA,62864,67734,63900,62800,69638,73718,62779,68804,60473,55260,58551,58586,65684,61961
Pittsburgh,Steelers,2005,62931,70742,64868,NA,68537,63891,66104,64178,70607,63491,70601,57442,63044,61237,64136,73136,63794
Pittsburgh,Steelers,2006,64927,67164,64922,NA,67837,64727,71151,62385,64661,61911,73296,70946,59843,55246,73798,63224,66049
Pittsburgh,Steelers,2011,71434,63663,66309,71585,63875,62934,62475,64424,64851,63262,NA,72173,63697,60754,69732,60081,68266
Pittsburgh,Steelers,2012,76823,64511,62373,NA,64737,69143,63411,62371,80991,57644,63446,69661,71442,61359,95595,63236,51831
Pittsburgh,Steelers,2014,64598,71181,73945,62910,66198,67431,56375,62479,63971,78160,69143,NA,61916,65512,71161,60865,64697
Pittsburgh,Steelers,2015,66829,66472,52433,63929,67658,63846,76365,64750,65520,64402,NA,69055,58701,65564,67234,71261,66693
San Diego,Chargers,2001,60629,63430,56048,73018,60292,67521,63698,58789,74951,61960,49398,55466,65438,67349,76131,51412,NA
San Diego,Chargers,2006,62578,64344,NA,70743,67837,68137,77752,66598,65558,65917,76723,66105,63361,67514,66583,68174,66492
San Diego,Chargers,2016,73238,52165,64747,60641,54275,58904,69832,76756,52281,55107,NA,71897,53832,73856,68352,57272,54915
San Francisco,49ers,2000,54626,66879,65945,64127,66985,68344,59870,73169,68109,64900,68002,67447,NA,57255,67892,68306,76098
San Francisco,49ers,2002,78748,67685,67541,NA,67853,66420,67903,67173,62660,67881,67161,67919,67594,64097,67947,44051,66118
San Francisco,49ers,2017,70178,68729,70178,64121,65612,75568,70133,69596,70133,70133,NA,70134,61302,71802,70133,70133,66125
San Francisco,49ers,2018,66673,70164,76023,25397,68337,77642,66597,61923,69592,69409,NA,50436,69009,69449,68836,70806,72161
San Francisco,49ers,2019,55976,50666,69439,NA,70585,75695,61459,69083,60986,71404,69419,71500,71029,73038,70910,70103,69162
Seattle,Seahawks,2000,72949,64869,59513,47233,82893,72192,63593,57490,62141,59884,68063,NA,68661,44680,75218,68681,61025
Seattle,Seahawks,2003,52250,23127,65841,NA,70365,66437,65671,52131,66507,80728,65865,69477,64680,63968,66152,64899,67840
Seattle,Seahawks,2004,64900,65089,66709,NA,66940,68756,35695,66214,64423,66044,66644,66271,68093,64110,77894,65825,66740
Seattle,Seahawks,2008,71194,67951,68012,NA,79529,68302,64811,67504,68055,64862,67616,67771,63253,68077,56123,68181,63874
Seattle,Seahawks,2012,60032,68008,68218,53193,72676,68137,69732,63497,67584,67841,NA,51295,62264,67685,40770,68161,67936
Seattle,Seahawks,2013,73294,68338,68087,71756,66608,68127,61200,55966,67873,70309,68235,NA,68387,69732,79691,68266,68264
Seattle,Seahawks,2014,68424,67916,68447,NA,79522,68432,57855,74042,68337,68352,76463,68327,70799,69596,68526,63806,68453
Seattle,Seahawks,2019,68710,65063,69005,60500,68988,67431,69012,71483,68948,71404,NA,69796,69080,71501,72544,69022,69162
St. Louis,Rams,2013,55279,70056,80848,56640,54266,71104,72686,55966,54617,66004,NA,66024,69732,60643,58442,54423,68264
St. Louis,Rams,2014,55919,59923,58739,NA,69596,56851,57855,75972,70799,61363,59401,66040,55650,71120,55880,55851,68453
Tampa Bay,Buccaneers,2001,61521,NA,64105,65510,68798,65588,65558,59861,74268,65612,66198,52135,65514,66944,65526,65619,65541
Tampa Bay,Buccaneers,2003,67772,65621,70871,NA,65647,85490,67809,65602,65524,73245,65614,65648,60543,68442,65124,65572,68809
Tampa Bay,Buccaneers,2006,65087,70828,65423,NA,68183,65732,65808,78647,65561,73573,65699,63183,59843,65691,62260,69603,65660
Tampa Bay,Buccaneers,2010,47211,72577,61036,NA,63888,51759,42020,61857,67266,44264,69732,70989,53955,66124,47692,46576,70068
Tampa Bay,Buccaneers,2017,NA,56640,66390,63916,64476,63999,68561,58545,73121,57911,65089,71036,77684,60372,62382,71463,55376
Tennessee,Titans,2000,72492,68203,NA,51769,68341,63406,68498,69200,83472,68498,68490,68498,65454,65639,68498,72318,68498
Tennessee,Titans,2001,68798,65994,NA,69494,68798,76940,63763,68798,68798,63865,68801,72818,64271,68804,61934,68798,68798
Tennessee,Titans,2007,65437,69143,70002,NA,69143,65347,70734,69143,69143,69143,76590,65489,69143,69143,74976,69143,57202
Tennessee,Titans,2012,69143,60804,69143,71581,57652,69143,68836,69143,69143,60165,NA,63323,69143,64688,69143,70508,69143
Tennessee,Titans,2015,63945,67431,65920,NA,65670,62342,63329,71630,73075,63591,60121,58075,57355,78160,66829,62153,65733
Tennessee,Titans,2016,63816,58466,62370,71815,64425,60897,65470,61619,52281,69116,65048,59494,NA,68780,68084,59621,65205
Tennessee,Titans,2019,67431,62849,58613,72108,66910,75815,62431,62073,72540,68864,NA,60926,60361,52760,65265,66756,71794
Washington,Redskins,2000,80257,74159,84431,78216,83532,65491,83252,69061,83472,52244,NA,66087,83284,83485,63467,58183,65711
Washington,Redskins,2002,85140,84982,67541,NA,68804,80768,63363,80169,64325,66665,78727,79823,63606,78635,65615,70291,84142
Washington,Redskins,2005,90138,65207,NA,90215,75880,78083,90224,78630,90298,65421,90129,84930,65701,46654,90588,90477,67700
Washington,Redskins,2007,90163,67726,90803,NA,88944,70761,85640,68756,76663,90218,63706,65596,85831,82213,77899,63634,90910
Washington,Redskins,2018,61613,57013,59827,NA,73028,60482,66301,77537,62386,52667,61593,92076,69696,57437,67577,60746,63188
Arizona,Cardinals,2012,60032,68756,60436,60183,54653,60385,61068,62810,70504,NA,69630,60062,79088,67685,60483,62734,69732
Atlanta,Falcons,2015,70516,77678,90345,69904,70178,73018,63329,70524,70799,NA,70433,70610,58221,74420,64016,70981,69699
Baltimore,Ravens,2017,55254,70605,84592,71126,54980,70616,66751,70408,67322,NA,77945,70357,70500,60069,56434,70590,70507
Baltimore,Ravens,2018,70591,50018,70156,62030,67431,64441,70639,73843,70997,NA,70077,70035,72262,74336,70031,25571,70925
Buffalo,Bills,2002,72751,64047,75359,72780,73038,70120,73180,72710,73448,NA,77951,78745,73287,68436,61838,64106,47850
Buffalo,Bills,2016,71104,70256,68647,66829,83679,70003,65658,70442,69084,NA,61356,67849,54759,69657,66529,64690,78160
Cincinnati,Bengals,2005,73013,65763,62045,65714,66137,69149,66104,65940,70540,NA,65995,65680,63044,65788,61749,65485,77211
Cincinnati,Bengals,2008,70978,64540,79276,65541,62655,78161,65860,70112,64238,NA,64633,59854,63871,66402,63996,72361,63984
Cleveland,Browns,2002,72938,73358,68804,62864,73688,65627,73248,78502,73718,NA,64060,68295,72718,46267,73098,69348,73528
Cleveland,Browns,2012,68693,63036,69353,70944,79911,67060,64560,65337,65449,NA,81936,69661,43641,62422,65083,76351,51831
Cleveland,Browns,2013,71513,71098,63672,71481,71239,71513,77804,74307,71513,NA,63856,71513,69654,68756,71513,76957,56361
Dallas,Cowboys,2002,69604,62527,65537,66165,63447,61773,59702,63854,61789,NA,57057,62204,63606,64097,78698,63209,84142
Dallas,Cowboys,2008,73012,63472,71113,63462,62655,64389,62035,63254,78826,NA,90830,63272,63253,60594,63776,63800,69144
Denver,Broncos,2003,63820,65445,76753,75719,78903,75974,64381,69721,76203,NA,75217,75540,57201,76403,75358,57149,70299
Denver,Broncos,2004,75939,69127,74533,65341,75072,62507,65806,75083,74292,NA,64900,75936,65395,75027,77702,68809,75149
Denver,Broncos,2018,76761,76696,70156,76656,77982,76109,62359,77103,76270,NA,25462,76536,44392,69449,76596,53850,75947
Denver,Broncos,2019,52359,76885,78078,76219,25357,75815,76748,61653,76743,NA,66883,67338,74638,71769,73257,74115,76334
Detroit,Lions,2016,65566,58466,78411,60841,58047,56018,60461,71882,66807,NA,61486,63793,73137,61726,79434,92885,66345
Green Bay,Packers,2010,69144,70741,62179,70729,87760,70815,71107,78484,70913,NA,64120,68204,70575,57659,68756,70649,70833
Green Bay,Packers,2012,70523,70543,68218,70571,67020,71702,64359,70464,70504,NA,63716,80365,70567,70382,62534,70508,64134
Houston,Texans,2007,70080,73665,70765,69312,70156,63715,70734,60439,49603,NA,70780,72730,69143,70237,70747,57262,70660
Houston,Texans,2009,70118,69143,70083,70291,61819,64019,70820,69790,66033,NA,71153,70990,42079,70380,46256,65847,71029
Houston,Texans,2014,71770,54063,77462,71756,91159,71787,56375,69143,71780,NA,67431,71777,71714,61070,65148,71771,71777
Houston,Texans,2018,65878,62372,71838,57716,72008,71638,66534,71726,76270,NA,61593,71826,71741,71814,77982,69696,71848
Houston,Texans,2019,73039,71651,25349,71699,71787,73323,59977,71893,84771,NA,70731,71727,72025,71769,65265,49036,71794
Indianapolis,Colts,2014,76939,64871,60601,64757,65258,71787,66539,62479,77975,NA,66751,64328,65352,67431,65148,91899,69143
Indianapolis,Colts,2015,70319,65220,65920,65609,71732,66726,66420,74136,66894,NA,70433,65696,58701,62372,66083,65482,65733
Indianapolis,Colts,2016,65566,76379,64747,83764,66622,71891,65470,65417,78437,NA,65048,66583,78160,65250,66820,54896,65160
Jacksonville,Jaguars,2000,72418,68843,45653,56816,64351,65194,68498,69061,63554,NA,68063,50925,65454,51262,53472,50469,77924
Jacksonville,Jaguars,2019,60157,71651,58613,76219,72762,64341,42784,57833,84771,NA,61986,60926,62633,57866,52788,70873,58472
Kansas City,Chiefs,2001,78844,77666,76573,75037,78413,35916,74212,58789,78234,NA,77357,77087,60784,77778,76131,59396,58460
Kansas City,Chiefs,2013,59416,76952,69144,73386,69143,76394,74118,74307,68159,NA,77076,75259,77065,56247,49571,75396,66374
Kansas City,Chiefs,2017,65878,74971,25386,74587,71835,76994,55090,76573,93273,NA,76363,74929,77562,74461,75011,65325,75928
Miami,Dolphins,2004,69987,65705,72225,73157,68756,72714,72945,78216,72612,NA,66644,66156,73084,75027,73629,73169,69843
Minnesota,Vikings,2014,55919,52350,73005,52173,78054,52213,68477,56577,52252,NA,61792,52386,52016,52152,62490,66203,52364
Minnesota,Vikings,2018,66673,78461,66800,72027,69696,66801,77982,66801,66825,NA,61651,66872,65878,69007,66841,61641,66878
New England,Patriots,2003,73262,67624,68436,83632,68436,68436,73650,68436,76203,NA,68436,70719,57102,68436,68436,77835,68436
New England,Patriots,2007,77900,68756,68756,66113,68756,63984,71951,68756,57540,NA,71338,68756,71382,68756,68756,68756,79110
New England,Patriots,2013,69519,68756,68756,70744,64259,68756,76957,68756,68756,NA,74225,68756,71769,68756,71863,71433,68756
New England,Patriots,2014,70630,52350,68756,76613,68756,70185,68756,68756,68756,NA,66751,68756,78431,68815,68756,78160,68756
New England,Patriots,2019,65878,65513,65878,70317,76483,65878,78523,65878,71157,NA,69796,65878,72025,65878,57066,65878,65878
New Orleans,Saints,2003,52250,68390,68809,70020,72496,68390,70837,68370,65524,NA,68432,67802,76821,68442,68399,49207,68451
New Orleans,Saints,2005,72920,68031,63952,58688,70580,65562,64586,61643,32637,NA,68756,77152,34411,70083,32551,63747,65379
New Orleans,Saints,2010,70051,69732,70051,70016,62621,51759,70077,70011,73191,NA,70015,93985,59963,70015,71432,70144,70068
New York,Giants,2009,78206,105121,63689,69238,79012,70011,78299,69144,78774,NA,78491,74896,79244,78780,78359,78809,63854
New York,Jets,2007,77900,71246,77197,70600,78809,77189,65868,76688,76663,NA,77659,63315,71109,76822,68756,69143,76737
New York,Jets,2013,76957,68756,76957,69143,70246,76957,76957,62576,76957,NA,68036,71148,76957,76957,73251,76957,70296
Oakland,Raiders,2004,60147,53610,60874,70741,57230,62507,45337,66210,73518,NA,46905,75936,51292,70616,44299,77289,41112
Oakland,Raiders,2010,69143,48396,62439,32218,48279,69732,75835,35721,61075,NA,64987,48946,68183,62570,44246,52567,67045
Oakland,Raiders,2016,73028,54081,62370,71152,54275,54211,62614,61068,54957,NA,76473,54909,54759,75191,68352,54896,76836
Oakland,Raiders,2017,69089,54729,77123,76909,54980,54685,55090,69599,65139,NA,77357,53930,54994,74461,55372,69596,25430
Philadelphia,Eagles,2017,78685,74971,69596,25374,69596,74373,69596,69596,69596,NA,93247,69596,69075,67752,76896,69596,69596
Philadelphia,Eagles,2019,69696,72443,69796,77509,69796,66837,91213,69435,69796,NA,69796,69796,65545,69796,63246,69796,75029
San Diego,Chargers,2004,70255,57310,74533,54006,52101,70187,73096,66210,59662,NA,46905,77447,65395,65858,72489,57330,64920
San Diego,Chargers,2005,67679,75310,65373,68756,68537,52666,67747,65750,77662,NA,65602,84930,66436,65026,57389,75956,65513
San Diego,Chargers,2010,71297,62691,67106,62189,48279,52472,68836,59260,70886,NA,68482,66085,68183,66780,67820,54194,74155
San Diego,Chargers,2014,61292,67916,68611,56553,63471,53329,65260,76907,70222,NA,66720,66040,71060,68815,68682,70699,73952
San Diego,Chargers,2015,66093,57579,52400,63710,67658,78434,67542,70829,68033,NA,65837,59477,68631,72314,66676,54400,76844
San Francisco,49ers,2003,67554,65990,67412,64111,67365,66437,67809,40824,67812,NA,67877,70250,69549,66975,64666,67866,67840
San Francisco,49ers,2015,70499,66472,63663,70799,78515,70799,70799,51207,70799,NA,68993,70799,62088,63916,70799,61313,70799
Tampa Bay,Buccaneers,2002,65554,69304,65652,57234,68936,65627,65523,72892,65667,NA,65527,65672,68226,65648,61942,65684,55832
Tampa Bay,Buccaneers,2007,68044,65178,65267,73707,57202,65347,60442,65133,65267,NA,69480,65596,70009,70237,65133,68193,65609
Tampa Bay,Buccaneers,2008,69881,63611,62051,64122,75480,64211,64811,63254,74045,NA,65278,49096,64430,74113,65045,64778,64847
Tennessee,Titans,2005,62931,69149,65835,69149,70430,69149,39482,69149,72594,NA,69149,69149,57228,69149,69149,72001,65485
Washington,Redskins,2008,79742,88246,90060,63462,69144,90376,90487,54312,90512,NA,90830,67771,85912,71438,63996,82412,67519
Washington,Redskins,2012,72180,53979,80060,58191,75337,78476,81352,62371,79767,NA,79327,90166,80246,81178,65083,69144,82845
Washington,Redskins,2014,71770,80037,69596,80573,79522,61139,75227,87055,52252,NA,77442,70799,65352,71120,77628,78897,80897
Washington,Redskins,2019,69696,75128,67327,74149,76483,59808,61459,66776,67685,NA,56426,57754,71504,77296,63246,66083,90646
Atlanta,Falcons,2006,73522,70828,70003,68981,NA,70840,71151,65978,60987,70793,70790,70933,86436,65691,71102,68834,69341
Atlanta,Falcons,2017,61857,70826,63240,71273,NA,70593,65878,77562,74244,73761,69026,71036,71185,72866,62382,73188,74141
Baltimore,Ravens,2003,63157,69473,52028,69459,NA,24193,53553,69721,69486,66085,73333,69477,69549,69468,45398,72548,70001
Baltimore,Ravens,2011,71434,69143,56289,71247,NA,71154,62976,71022,64851,66522,71320,71345,63648,71187,67242,71083,63439
Buffalo,Bills,2001,71447,56135,72874,72654,NA,58893,63698,63786,60292,60836,73063,67252,44549,45527,43320,78200,73428
Carolina,Panthers,2015,60733,73254,73402,57468,NA,69020,74194,74136,74461,63591,74418,90909,73097,74420,79436,70981,74169
Chicago,Bears,2004,61535,70688,64163,61894,NA,61945,65550,62054,78786,68932,61908,64026,62051,67572,62122,61924,62197
Chicago,Bears,2009,70920,62231,67938,62192,NA,68082,64900,62262,62309,69732,62421,63854,61892,62214,71011,62479,56677
Chicago,Bears,2018,78282,57960,62163,61893,NA,65791,62389,61397,68749,61393,61651,65684,76465,61695,62372,70806,66878
Cincinnati,Bengals,2004,77230,65705,65575,62402,NA,73263,65806,68932,65721,87786,65780,65677,69695,68756,65378,64606,67074
Cincinnati,Bengals,2006,77956,66072,64922,66035,NA,65732,65964,65978,70792,65917,68001,72926,65973,65882,57292,75759,66049
Cincinnati,Bengals,2007,66093,72801,68110,66113,NA,76846,65868,66188,70745,71130,65403,65489,58842,65143,68053,66023,70461
Cleveland,Browns,2008,73012,73048,71104,65541,NA,73102,90487,64775,73078,73141,71645,72077,72411,69143,69144,72361,63553
Cleveland,Browns,2011,67321,65035,66651,66240,NA,57300,66350,69732,71511,64900,63498,48260,63648,60754,60443,71083,68266
Dallas,Cowboys,2011,78702,69732,91017,78122,NA,68756,80086,69144,81510,85157,80122,87418,62180,95952,65162,84834,81077
Dallas,Cowboys,2012,82287,68008,81984,90080,NA,71384,73981,94067,70840,69144,81936,90166,81851,63590,95595,92570,82845
Denver,Broncos,2017,76324,76919,68865,76909,NA,76721,25388,76573,69596,76820,75707,53930,65092,75518,63411,72889,75928
Detroit,Lions,2002,72216,71951,61505,60023,NA,64013,60421,72710,61789,63313,61720,62375,62109,28640,61942,69307,60233
Detroit,Lions,2012,62315,69732,69143,63616,NA,69144,62300,63497,63050,64059,63716,64827,63887,70382,60483,63849,64451
Detroit,Lions,2019,60687,60158,69796,65188,NA,76947,60314,58509,53318,61758,61801,57754,65412,66776,56515,74115,62840
Green Bay,Packers,2009,70920,70678,60234,63846,NA,70801,69797,71213,62994,70894,70445,57383,70286,62214,57452,70429,67597
Houston,Texans,2002,69604,56098,69204,64867,NA,70120,73248,53721,69827,68804,69711,70054,56820,58551,70108,70291,70694
Houston,Texans,2003,73010,68390,70487,70041,NA,68809,70623,56132,70052,50437,72677,70719,70388,43363,65124,70758,70680
Houston,Texans,2006,70180,56614,70069,70071,NA,63186,70035,69143,78485,65918,70125,76596,46276,70760,68756,70132,70097
Jacksonville,Jaguars,2001,63785,65994,57875,54524,NA,58893,69439,68798,57161,62644,53530,66908,44920,72818,64150,59396,66944
Jacksonville,Jaguars,2016,63179,52165,60127,83764,NA,61054,62614,61619,73294,62091,61486,67849,63075,62701,71803,59621,65160
Kansas City,Chiefs,2004,75939,78136,77433,69827,NA,66413,78260,78312,65495,64900,78431,77447,51292,68932,77702,77289,64920
Kansas City,Chiefs,2005,78014,62273,76381,78742,NA,78083,68350,65750,79033,72093,70481,78025,78261,63432,78625,75956,77211
Kansas City,Chiefs,2016,73238,71890,71587,61278,NA,54211,76282,65417,73294,74181,72277,76819,69879,75191,68084,76671,54915
Miami,Dolphins,2010,69295,63846,70481,69090,NA,70815,69867,63179,71305,65585,68752,48946,65942,78948,65511,66731,68756
Miami,Dolphins,2011,66860,51032,66651,63002,NA,78912,63800,79302,72263,57007,57531,87418,57225,67823,60988,68756,65811
Miami,Dolphins,2014,70630,69954,70313,83436,NA,70875,62413,65633,70222,63179,71573,76987,78160,70244,68756,66203,70220
Miami,Dolphins,2015,76512,65443,64869,83986,NA,62342,65251,66829,70214,69596,65115,78160,64519,65408,66676,65482,62918
Miami,Dolphins,2019,65012,65513,90127,64278,NA,59808,68340,59244,59229,60510,64187,67431,65545,78523,72894,60968,65878
Minnesota,Vikings,2002,63226,64047,63945,65212,NA,64013,78516,64122,65667,64005,64153,68436,63947,64070,67851,64285,60233
Minnesota,Vikings,2005,63939,65763,63952,69552,NA,62143,64278,73502,63813,78637,70610,63814,61375,64005,64136,70246,64023
Minnesota,Vikings,2007,62815,61771,78038,63779,NA,62174,63432,63019,63043,70945,62960,78591,62996,68050,63800,63634,76084
Minnesota,Vikings,2013,62461,62181,63672,83518,NA,63963,79314,64134,85360,64011,68235,77871,64134,70921,64087,61555,64134
Minnesota,Vikings,2015,70499,52319,52400,77029,NA,52480,60231,62311,52406,54700,52529,70610,52430,64784,52421,52455,78412
New England,Patriots,2010,68756,78535,68756,69090,NA,68756,68836,68756,66292,64359,68756,60965,68756,62347,68756,68281,68756
New Orleans,Saints,2000,64900,51300,59513,64900,NA,66944,50015,56508,35286,64900,72981,64900,66064,64900,67892,64900,64900
New Orleans,Saints,2009,69719,69144,70261,70009,NA,70011,66689,70088,70011,59858,62720,70768,84520,68930,70213,70021,73047
New Orleans,Saints,2016,73028,77727,73003,60641,NA,73138,76282,73188,70178,73138,73288,73067,73137,62140,65072,73177,70835
New Orleans,Saints,2017,66606,73168,73775,84423,NA,73117,78380,73192,73121,67501,73138,62006,73171,72866,73018,73188,55376
New York,Giants,2005,78387,68031,65373,78453,NA,62278,78516,78630,63820,78637,78626,67102,78645,67443,78625,90477,44594
New York,Jets,2000,59870,77687,77884,65619,NA,78441,60292,78389,72861,78305,56657,74320,77354,78138,62632,77513,69184
New York,Jets,2003,85420,77461,68436,77863,NA,77740,70623,67853,78132,51909,56801,77614,77710,72791,77900,77835,73720
New York,Jets,2008,65859,78554,68922,78222,NA,78161,61901,78037,71827,78073,68756,69143,78809,67782,78548,68181,79454
New York,Jets,2015,78160,65220,78160,83986,NA,78160,66829,54700,78160,78160,71718,78160,80898,78160,90345,78160,68670
Oakland,Raiders,2000,56373,56769,62078,45702,NA,68344,79025,57490,66659,62428,75951,64900,55175,55811,62632,68681,60637
Oakland,Raiders,2005,68756,62273,67735,62400,NA,52666,42779,69149,79033,62779,90129,49097,66436,77561,41862,76212,44594
Oakland,Raiders,2007,61547,76784,51075,70621,NA,67523,62240,69143,49603,62715,62960,76210,61990,70828,62000,66905,61706
Oakland,Raiders,2008,62762,74480,71297,61808,NA,70068,61901,71254,61196,47888,65113,76067,61379,68097,62179,43687,64847
Oakland,Raiders,2012,61896,54245,62373,76787,NA,69383,51634,74730,52055,71339,56880,56503,43641,53807,51446,73026,66486
Oakland,Raiders,2014,78160,54063,68756,83436,NA,53329,52101,67431,68337,54803,66720,52865,55650,55300,72153,53436,76929
Philadelphia,Eagles,2001,66243,62826,66621,66360,NA,78821,65342,33430,65638,63204,65666,77087,65438,84936,68124,65885,65541
Philadelphia,Eagles,2004,67532,67676,62472,61894,NA,67707,73394,67715,64975,64190,67720,78830,67723,90089,67723,66129,67074
Philadelphia,Eagles,2007,70598,67726,67570,78862,NA,77189,67806,63019,67688,90218,68934,68756,68445,68594,63777,70011,68594
Pittsburgh,Steelers,2010,63609,69143,61036,64729,NA,65168,69867,70011,65626,64359,64987,69642,71418,57501,62568,61748,68303
Pittsburgh,Steelers,2013,61585,64585,61575,83518,NA,76957,62295,52950,68756,60406,57905,71513,71005,52489,45873,77999,56361
San Diego,Chargers,2009,61940,66882,67230,64045,NA,68615,69337,67016,78774,68879,74707,65280,67978,90552,68889,69143,67554
Seattle,Seahawks,2002,53260,63104,78551,65212,NA,66420,65931,63854,64325,29252,65495,56250,67594,59862,69551,63953,52159
Seattle,Seahawks,2006,60535,67470,68161,62225,NA,65592,68118,77645,67816,68175,68367,68256,76146,63603,67650,68174,65660
Seattle,Seahawks,2010,67044,75130,67106,52326,NA,62137,67132,35721,67287,61904,70015,66370,66577,69732,67101,46576,67325
Seattle,Seahawks,2016,69012,91046,69010,78160,NA,69071,65089,73188,69084,66829,69190,63674,69104,78057,69067,69050,70178
St. Louis,Rams,2003,78666,65990,65841,65758,NA,66075,66201,62665,67812,66085,61820,42089,66134,73108,66152,66061,61006
St. Louis,Rams,2008,69144,61377,68012,61017,NA,90376,62035,68756,61303,78073,67573,61994,61046,63720,56123,54948,64617
St. Louis,Rams,2011,56722,78290,56289,56113,NA,70604,80086,57179,60628,64900,56400,56029,69732,66577,56431,60081,55990
Tampa Bay,Buccaneers,2012,51533,76964,81984,58191,NA,46500,58906,60860,52055,54813,72603,54400,76432,64941,73096,51535,69644
Tampa Bay,Buccaneers,2013,76957,60870,68756,44956,NA,62505,69522,59073,67873,64448,55360,62098,72795,59194,64142,54423,73150
Tampa Bay,Buccaneers,2018,73038,56552,62571,61893,NA,72665,53682,45134,73513,52667,75863,50436,52568,53495,70031,92851,52884
Washington,Redskins,2011,80121,76330,91017,56113,NA,80447,73245,51579,78032,57007,80122,66007,74121,77825,78861,68370,69144
Washington,Redskins,2013,82743,78020,80111,53549,NA,90239,83147,77031,80115,64011,69144,79773,75220,56247,70069,80411,80177
Washington,Redskins,2017,78685,56612,77123,74587,NA,75568,69596,78428,68927,74476,73138,73210,91712,25393,71026,72889,76269
Arizona,Cardinals,2003,60691,23127,58784,65758,63601,24193,NA,40824,23531,59520,72908,42089,61550,66975,23217,64899,52734
Arizona,Cardinals,2008,67186,63445,90060,78222,63830,64389,NA,72010,61303,64519,67616,64541,69144,63720,64457,68756,63874
Atlanta,Falcons,2001,65989,47804,28878,46483,46727,70020,NA,44229,69010,59849,72234,59318,68826,55603,43320,73559,66033
Atlanta,Falcons,2008,62310,63611,62434,72688,70610,64096,NA,69144,61196,64826,54644,64841,67200,70011,65045,62889,64617
Atlanta,Falcons,2012,71180,70427,61297,69594,75337,69383,NA,69144,70840,73126,69630,54400,70514,73292,70741,63849,69644
Baltimore,Ravens,2006,65087,70744,72474,70743,76355,70762,NA,69152,70792,69143,70790,70946,65973,77232,70857,63224,70913
Baltimore,Ravens,2009,71099,66882,70950,68756,71161,63689,NA,71132,64313,69023,71320,71314,70286,70673,71011,64068,38400
Buffalo,Bills,2011,68755,68191,68174,41142,69803,79243,NA,51579,70133,85157,57531,79088,56463,62494,60988,45112,68756
Carolina,Panthers,2005,72920,73528,72288,73657,38809,61083,NA,73502,65014,73529,62156,71440,73661,73467,32551,73436,70796
Carolina,Panthers,2007,65307,73665,68175,73707,70001,64403,NA,74005,69143,73340,70805,72032,73191,66090,73421,73860,65609
Carolina,Panthers,2016,76843,74143,73813,70508,73425,73138,NA,74088,86109,74181,73288,54909,69104,73856,76689,73549,62037
Carolina,Panthers,2019,72005,71101,60104,71699,72762,60087,NA,69083,72540,78090,73106,73068,71504,70592,72544,61845,72203
Chicago,Bears,2006,70918,62181,63754,62225,62206,63977,NA,62200,62206,78641,77632,68756,62221,66234,62260,60665,62287
Chicago,Bears,2015,62442,62351,69002,62409,75799,57648,NA,62311,68033,58653,62483,78488,62088,61026,52421,63734,61177
Cincinnati,Bengals,2002,53705,73358,68129,57234,56570,63900,NA,52822,69827,69024,64060,60473,44878,66799,42092,43544,47850
Cincinnati,Bengals,2011,67321,73281,43363,41142,61799,52068,NA,66004,69143,63262,71320,48260,63697,41202,56431,41273,63439
Cincinnati,Bengals,2015,54500,57579,70970,57498,65004,69593,NA,64750,65816,61381,64745,61022,64775,65564,70799,76868,57254
Cleveland,Browns,2001,72318,73168,57875,73018,64217,72818,NA,66944,73218,69353,72918,72818,60292,72818,59824,68798,59189
Cleveland,Browns,2007,73089,72801,51075,73024,68756,73198,NA,62777,72927,64781,71055,72730,64791,76822,73196,66023,73041
Cleveland,Browns,2019,67431,78523,67431,70686,70585,67431,NA,65878,76743,67431,67431,67431,62157,67431,63345,67431,47759
Dallas,Cowboys,2016,92867,80612,90554,70178,91653,78481,NA,93103,67431,67737,93056,93099,66860,80874,93101,92885,69596
Denver,Broncos,2009,62831,73931,45602,76440,76011,68615,NA,71132,76716,85247,74707,74896,68912,67248,74502,69144,73725
Denver,Broncos,2012,76823,70427,76566,76787,68756,68604,NA,76832,63623,73939,76769,74244,76432,53807,71317,76351,76502
Denver,Broncos,2015,76798,76404,62920,77029,54500,67431,NA,77075,66894,76973,62483,76970,68631,76824,67234,76868,76844
Detroit,Lions,2000,64900,74159,76928,66944,76438,77549,NA,65557,56971,77813,74309,77897,77923,64214,59854,77513,71957
Detroit,Lions,2009,69719,56269,40896,62192,59333,70801,NA,40857,67003,63854,43170,57383,62545,70673,40577,69732,56677
Detroit,Lions,2010,62080,56688,63377,70729,55714,78341,NA,46329,57799,56721,81261,60965,58119,57659,47692,66731,57013
Detroit,Lions,2017,60957,77004,63240,66730,64288,73117,NA,64983,77575,64646,60635,66613,70500,60372,65872,47732,62501
Green Bay,Packers,2001,59523,59771,73120,65510,59866,64165,NA,59861,66944,59849,77730,66908,59869,68804,59824,59870,78601
Green Bay,Packers,2007,70598,78701,70733,63779,70904,70761,NA,77160,78988,70945,70805,63257,64167,70828,66008,62272,70869
Green Bay,Packers,2015,62442,78433,78214,70799,78432,78434,NA,77075,74461,78526,52529,78488,63207,78369,55087,64878,78412
Green Bay,Packers,2018,78282,78461,59827,78312,63405,77642,NA,75822,65878,78076,69007,66872,77234,77329,62372,77982,77341
Houston,Texans,2004,70255,61465,77433,70741,70718,68932,NA,70502,74292,56511,70769,70721,77875,70762,62122,66227,70724
Houston,Texans,2010,70974,88240,71456,32218,71110,70926,NA,66363,70886,62340,78843,70855,69144,71413,69143,73691,71023
Houston,Texans,2017,71710,52942,65878,71804,71835,71815,NA,69025,71709,60032,71680,70357,62758,71802,64701,71842,60557
Indianapolis,Colts,2003,73358,56999,55770,70020,65647,57082,NA,56132,73258,45037,56801,73004,57102,68809,57103,57149,70680
Indianapolis,Colts,2010,70974,67275,76401,63111,66869,87883,NA,66363,69144,67404,68756,66085,67471,69143,67147,52567,67188
Jacksonville,Jaguars,2003,72134,58613,55770,70041,48954,66437,NA,55918,69486,45037,68809,77614,60543,43363,68436,49207,70266
Jacksonville,Jaguars,2005,65204,56460,77422,66045,66137,63891,NA,65251,64613,66107,69149,39198,70941,67164,64764,70025,65485
Jacksonville,Jaguars,2008,69143,65167,65938,64061,65908,75674,NA,64775,64238,52631,65258,65064,70809,61736,65457,65648,71366
Jacksonville,Jaguars,2009,65757,46520,70083,49014,67228,42088,NA,69143,45546,76313,47757,69732,42079,60457,63753,68756,66935
Kansas City,Chiefs,2012,71180,69402,72226,69979,68803,46500,NA,74730,55831,57644,63336,74244,62860,62422,51446,62938,76502
Miami,Dolphins,2000,72949,64112,73464,73344,61535,73901,NA,78389,73740,77813,56896,74320,56935,73002,74307,73884,60292
Miami,Dolphins,2012,71566,54245,60102,60183,61162,52983,NA,79088,66479,60165,69118,51295,72114,69732,53667,54462,68756
New England,Patriots,2002,68436,78726,68436,66463,73369,68436,NA,68436,73448,63105,62552,68436,62109,68436,68809,68436,68436
New England,Patriots,2005,68756,73528,64868,68756,71079,76571,NA,68756,68756,73405,68756,78025,68756,71810,68756,77569,68756
New England,Patriots,2011,66860,68756,68174,62572,68756,68756,NA,64424,68756,79088,68756,69144,68756,77825,76556,68756,68756
New Orleans,Saints,2006,72915,70602,70003,73392,68183,68269,NA,69152,65561,61911,68001,70933,68241,63722,69052,78539,69569
New Orleans,Saints,2013,72348,60870,73057,73118,62361,68756,NA,72405,76957,73018,73025,70422,68387,73089,58442,73825,73150
New York,Giants,2002,78748,65932,78551,30014,63447,78728,NA,65791,78337,64005,78727,70054,78640,78635,78698,56579,78782
New York,Giants,2011,80121,78290,69144,60496,78650,79243,NA,79302,68756,69732,79743,73068,80634,95952,78861,79088,81077
New York,Jets,2010,78127,78535,70481,69262,77909,75982,NA,78484,57799,67449,78843,78903,68756,78948,62568,62310,79019
Oakland,Raiders,2013,65412,49400,76978,53549,48834,76394,NA,52950,51751,80366,71726,46001,87572,76957,49571,65675,51500
Oakland,Raiders,2018,53857,76696,65667,53387,25362,84922,NA,54372,69592,54750,62435,70035,54255,53960,44568,53850,77550
Philadelphia,Eagles,2008,69144,63472,69144,62099,69144,67640,NA,69144,68055,69144,64633,71379,69144,79003,69144,82412,69144
Philadelphia,Eagles,2011,56722,69608,69144,69144,69803,80447,NA,69144,69144,69144,79743,69144,67039,67823,69144,84834,69144
Philadelphia,Eagles,2012,68693,69144,60436,69144,64737,69144,NA,69144,73099,69144,79327,69144,81851,64941,69144,69144,80657
Philadelphia,Eagles,2014,69596,64871,69596,70799,69596,69596,NA,61789,71780,69596,78270,69596,91379,69596,69596,78897,79150
Pittsburgh,Steelers,2003,63157,78416,64596,63244,64595,75974,NA,62665,66507,59520,67877,73658,58797,53079,77900,52527,70001
Pittsburgh,Steelers,2004,60147,69859,72225,62402,63609,64162,NA,64737,64975,73703,65780,63707,76877,63581,78836,64227,73414
Pittsburgh,Steelers,2018,67431,63956,62571,62030,64781,60594,NA,63780,70997,62881,67683,76536,61069,53960,65280,73086,63874
Pittsburgh,Steelers,2019,65878,65063,69439,57959,64037,25425,NA,59244,61115,63627,67431,47423,62157,63880,64694,78523,70695
San Diego,Chargers,2007,67837,68756,70733,65175,76879,67523,NA,60439,63043,67726,66732,63337,74874,69143,66505,65477,61706
San Diego,Chargers,2012,61896,60804,61297,69979,73109,68604,NA,65337,55831,54813,76769,57882,54980,61359,53832,79088,66486
San Francisco,49ers,2004,65584,64900,66709,66696,62836,78189,NA,62054,64423,63618,65234,66156,65793,35069,65710,63248,68756
San Francisco,49ers,2006,63407,67791,68166,77609,68368,68137,NA,62200,68088,60707,68367,65517,68241,68539,67650,67751,75555
San Francisco,49ers,2011,69732,69732,43363,69144,69732,62061,NA,69732,78032,69732,69732,71345,69732,60808,69732,66697,55990
Seattle,Seahawks,2009,67610,69732,67938,66112,67228,67588,NA,80886,67003,62278,63854,47475,67761,70380,67011,70429,67002
Seattle,Seahawks,2018,76761,57960,69047,61845,68893,84922,NA,65237,68989,72755,69007,74002,69009,69007,68836,69067,68990
St. Louis,Rams,2006,65577,67791,63278,65563,70804,65592,NA,66598,66191,68175,73348,65517,65612,66234,50164,62324,63557
Tampa Bay,Buccaneers,2000,60292,65569,76928,65619,83532,64162,NA,65557,65589,70097,65621,66944,65546,65621,74307,65653,59692
Tampa Bay,Buccaneers,2005,63939,64777,70518,64994,77852,65168,NA,63358,65014,65421,70794,65506,34411,73467,68756,65482,65379
Tampa Bay,Buccaneers,2014,62442,59923,70318,62910,73004,60041,NA,56577,67431,57751,77442,61109,56340,61489,72842,64247,59952
Tampa Bay,Buccaneers,2019,55976,71101,55070,68117,73029,60087,NA,62073,68948,40038,54333,71463,62633,50232,56515,49036,50417
Tennessee,Titans,2002,68804,62527,68804,58719,68804,68804,NA,52822,56752,68804,68804,69365,78640,68804,68809,51033,70694
Tennessee,Titans,2006,69143,64344,72733,69143,57021,88550,NA,69143,66524,69143,69232,69143,69143,70760,69143,54765,69143
Tennessee,Titans,2009,65110,69143,75863,49014,69143,68756,NA,69143,69732,69143,71153,69143,66321,69143,69143,69143,67002
Washington,Redskins,2004,90098,78767,90367,73348,90287,61945,NA,89295,62657,87786,67720,63707,87872,90089,65710,63705,76876
Arizona,Cardinals,2002,85140,63104,28980,30014,72286,NA,59702,67173,47819,29252,64990,58814,77809,28640,65939,44051,75164
Arizona,Cardinals,2004,65538,51557,70534,28109,62836,NA,35695,65887,72612,42297,72796,35820,62262,35069,40070,65825,31650
Arizona,Cardinals,2005,78387,45160,64843,103467,38809,NA,39482,62068,43542,61091,65750,39198,60439,46654,70024,44723,57211
Arizona,Cardinals,2010,52440,66824,62439,62189,62621,NA,67132,61857,64120,61904,66247,62308,61874,62223,71849,66971,69732
Arizona,Cardinals,2011,60627,76330,66199,60496,62479,NA,62475,71022,60628,69144,69732,56029,62180,60808,60443,41273,61798
Atlanta,Falcons,2013,72348,70056,70660,70744,70246,NA,69522,60671,73720,70309,55360,70422,38969,77550,70069,69732,70427
Baltimore,Ravens,2004,73068,69859,65575,69827,90287,NA,69809,67715,69781,77826,69924,68756,69695,69856,57240,64227,69843
Buffalo,Bills,2007,71132,64307,68756,70600,71575,NA,70727,76688,70745,70615,71338,64546,85831,71018,73196,71302,68594
Buffalo,Bills,2008,71194,65167,71297,61017,63830,NA,71602,65011,71827,68756,71645,73584,70988,52134,78548,74539,71282
Buffalo,Bills,2010,69295,70741,68756,69262,58304,NA,71220,66625,50746,56721,55654,69642,64012,50861,65511,68281,79019
Buffalo,Bills,2017,68751,74122,68865,71273,52367,NA,68561,69599,77562,67501,25015,74929,68499,60222,62202,65878,65571
Buffalo,Bills,2019,78523,74569,69448,70317,66910,NA,68340,69435,67685,67431,64187,67338,90445,69134,64694,65878,69016
Carolina,Panthers,2010,77245,72577,72887,70016,73464,NA,72741,52281,73191,44264,73021,64463,66577,71235,71849,61748,67349
Carolina,Panthers,2012,51533,72879,73951,69594,72676,NA,73981,62254,79767,73939,72603,69144,62860,73292,53832,73026,73124
Chicago,Bears,2002,63226,68081,63216,72780,63226,NA,60421,64122,54049,63105,66250,62375,64196,73609,62226,72602,55832
Chicago,Bears,2012,62341,70543,62224,90080,67012,NA,62300,62254,69143,62410,69732,62306,62264,64134,62534,62734,64451
Chicago,Bears,2019,62435,76885,67327,62131,60463,NA,62306,61632,69796,61758,70758,61581,65412,61276,78266,62213,66913
Cincinnati,Bengals,2003,63820,50135,64596,73428,72615,NA,53553,52131,23531,50437,64923,52069,58797,69468,64666,66061,65362
Cincinnati,Bengals,2010,68756,64071,72887,66731,63888,NA,67665,63179,65626,67404,55654,78903,59963,57501,56342,54194,71088
Cincinnati,Bengals,2017,55254,52942,78323,67431,52367,NA,65363,57901,60720,67432,75707,51710,56029,52002,66833,47732,70507
Cleveland,Browns,2006,72915,66072,72474,61426,73520,NA,73024,72507,65558,70793,73296,72926,71927,55246,70857,69603,70097
Dallas,Cowboys,2000,62872,66009,84431,64127,73310,NA,78189,62981,63554,65636,62170,69416,63878,65621,63467,61311,68498
Dallas,Cowboys,2001,61521,63430,66621,61535,63941,NA,63114,78673,69010,63204,64104,85112,61821,63366,48883,64366,77512
Dallas,Cowboys,2009,63806,105121,90588,76440,71214,NA,81521,80886,69144,70894,85277,83489,79244,90552,70213,88221,100621
Dallas,Cowboys,2015,93579,69296,90345,73009,93054,NA,80319,91486,91827,64113,65115,90909,80444,78369,90345,70172,90127
Dallas,Cowboys,2017,93183,76919,65102,91869,93329,NA,70133,78428,93273,73761,93247,93012,91712,78125,55372,92150,69596
Denver,Broncos,2007,71132,76784,76463,57274,76879,NA,77038,77160,60783,77368,76590,62148,61990,75895,70747,65477,76084
Denver,Broncos,2011,75671,73281,69143,70529,74895,NA,63800,74977,58125,72908,74746,64436,62939,76487,76556,45112,76005
Detroit,Lions,2003,60691,70244,60865,75719,67365,NA,61160,61428,61561,61492,65865,63946,62123,61544,77922,72835,61006
Detroit,Lions,2007,61547,61771,67570,60811,88944,NA,60442,62171,60783,64753,60675,63257,62996,62759,66505,59938,70869
Detroit,Lions,2018,61352,70164,61769,90155,63405,NA,65265,65237,66825,61393,61999,65684,60974,62014,59110,61641,77341
Green Bay,Packers,2005,61877,70400,70518,73657,70580,NA,64278,65940,70607,71001,70610,67665,62177,70019,70604,69757,69928
Green Bay,Packers,2006,70918,70602,61095,69222,70804,NA,73548,70809,72205,63924,70753,68256,70527,68539,70472,70864,62287
Indianapolis,Colts,2004,68756,68932,57280,73114,57230,NA,56615,78312,57307,56511,61908,63107,57278,70762,57240,57330,75149
Indianapolis,Colts,2006,78622,56614,57041,77190,57021,NA,57274,76767,68756,57306,63706,57296,69143,67164,57292,70132,57310
Indianapolis,Colts,2007,57361,69143,70765,57274,57202,NA,67164,74005,57540,67726,57294,69845,57302,70513,62000,57262,57202
Indianapolis,Colts,2009,65757,66227,62692,66112,69143,NA,60108,66229,66033,67476,71320,70990,66321,67248,63753,67222,69848
Indianapolis,Colts,2019,25363,62849,60295,62259,73352,NA,59977,61653,61115,60510,61986,71727,60361,50232,73053,61845,58472
Jacksonville,Jaguars,2006,67164,67164,57041,89450,66604,NA,70035,69249,66524,65918,67164,63608,73160,67164,69143,67164,77500
Jacksonville,Jaguars,2012,56607,62907,63536,63030,67012,NA,51634,70464,63050,63272,71676,63323,53971,67027,53667,70251,69143
Kansas City,Chiefs,2000,78357,68203,77604,74596,82893,NA,79025,79142,62141,62428,68002,78457,47228,60292,77481,78406,41017
Kansas City,Chiefs,2008,68756,74480,62434,74623,72319,NA,74200,78037,74045,67510,74159,73584,61379,75187,73842,73689,63984
Kansas City,Chiefs,2011,68755,60040,62236,72931,65088,NA,57361,72733,72263,72908,68756,72173,61973,79088,74093,70803,76005
Kansas City,Chiefs,2014,73569,76900,70313,76613,70799,NA,65260,75972,74127,68119,76463,52865,76894,62387,72153,60865,73952
Miami,Dolphins,2001,68798,73404,66046,72713,78823,NA,59108,72597,57127,74259,73063,73938,73858,68223,60292,73559,73428
Miami,Dolphins,2009,67606,66227,67230,65523,69767,NA,66689,77531,68756,66085,73475,70155,70102,60457,69143,65847,70102
Miami,Dolphins,2013,71513,65406,70660,73118,68342,NA,60592,68756,52388,64448,60256,60156,76957,52489,71863,54305,70296
Minnesota,Vikings,2003,70505,64144,60865,64111,70427,NA,64381,64114,64482,64738,56653,63946,66134,63968,61804,64291,52734
Minnesota,Vikings,2006,90608,63623,63754,71972,63906,NA,68118,63819,68088,63924,73070,63483,62221,60861,63677,70864,63557
Minnesota,Vikings,2016,63816,66813,73813,66690,66683,NA,69596,60422,66807,78216,66808,63793,66860,62701,66820,77856,66808
New England,Patriots,2006,68756,77595,68756,66035,68756,NA,72180,63819,68756,68756,70753,68756,68756,74033,68756,67164,69143
New Orleans,Saints,2012,72180,72879,72226,70571,73109,NA,58906,76832,73099,73126,56880,73147,70514,81437,73096,92570,73124
New Orleans,Saints,2014,70706,67407,73005,91176,73004,NA,63271,73146,73663,73129,73073,73373,61916,73006,60996,73164,59952
New Orleans,Saints,2018,73038,73086,74457,78213,73028,NA,70639,66801,73086,52492,73042,73017,93004,53495,74188,73086,73028
New York,Giants,2004,67532,78767,78521,70623,64018,NA,78841,64012,78786,42297,78793,78830,87872,69856,78836,64606,78500
New York,Jets,2002,72751,78726,73426,55670,78149,NA,78516,78502,59772,78920,61720,78745,62257,78521,62226,68436,78733
Oakland,Raiders,2001,78844,73404,54629,61535,56972,NA,65342,62637,67231,61960,78756,46601,60784,67349,61934,75582,62011
Oakland,Raiders,2015,54500,53500,67431,62409,54500,NA,67542,54700,65520,54700,60202,58075,55010,76824,55087,54400,76114
Oakland,Raiders,2019,52359,52748,66738,62259,60463,NA,78160,71893,53318,51954,51921,78523,73548,52760,52788,25380,76334
Philadelphia,Eagles,2002,68804,84982,65537,64867,65005,NA,65523,65791,54049,65660,64990,67919,65552,59862,65615,63209,78782
Philadelphia,Eagles,2005,70806,67727,67735,78742,63199,NA,67747,76530,90298,67739,78626,67665,67637,67443,65382,44723,67700
Pittsburgh,Steelers,2007,73089,64307,64313,64844,64478,NA,77038,66188,63457,64781,77659,57704,58842,68756,58793,65705,71353
Pittsburgh,Steelers,2008,64001,73048,69144,64038,65908,NA,65860,64991,90512,64043,62051,59854,68756,60594,71502,69143,63553
San Diego,Chargers,2003,78048,65445,52028,54078,48954,NA,73238,73014,61500,64738,75217,52069,57671,61544,64978,52527,62222
San Diego,Chargers,2011,66716,68756,62236,63002,74895,NA,79088,72733,68908,68109,62344,64436,62743,62494,67242,62469,58721
San Francisco,49ers,2001,65989,67536,78722,66944,46727,NA,66944,67605,68083,72665,56393,67252,66218,68223,68124,64366,70020
San Francisco,49ers,2005,67918,67727,68247,103467,68084,NA,90224,63358,63820,62153,63590,69149,60439,66690,64764,65473,67970
San Francisco,49ers,2007,68111,65295,64313,67651,67885,NA,78912,68244,66049,68331,68039,64483,73191,68050,68053,68193,73041
San Francisco,49ers,2009,61981,69732,63398,69732,69732,NA,70820,66229,69732,69732,70445,69732,67761,69732,69144,69732,47965
Seattle,Seahawks,2001,72318,62826,54629,54524,61837,NA,59108,82352,67231,60836,77357,55466,74524,63366,78119,51412,58460
Seattle,Seahawks,2011,69732,63663,66199,66266,78650,NA,66350,66004,81510,66522,56400,66007,67039,66577,61542,66697,61798
Seattle,Seahawks,2017,78381,68729,69127,68872,60745,NA,78527,69025,68927,64639,69026,70134,69075,64431,69077,92150,69078
St. Louis,Rams,2000,65956,64869,65945,58761,66010,NA,66019,79142,68109,66048,78174,66087,66064,73358,66273,65653,64900
St. Louis,Rams,2015,51792,72460,52433,63146,78432,NA,51523,51207,52406,58653,71105,61022,51115,51202,51295,69080,70799
Tampa Bay,Buccaneers,2015,63945,73006,71718,57468,58490,NA,72912,70524,64351,64113,69596,65696,58221,62138,51295,63734,74169
Tampa Bay,Buccaneers,2016,69382,64230,55009,60375,73425,NA,70178,61068,57797,62898,72277,63674,53832,62140,93101,73177,62037
Tennessee,Titans,2008,69143,64540,69143,69143,71131,NA,74200,69143,69143,62124,65258,69143,60112,69143,70831,69143,66721
Tennessee,Titans,2011,61619,69143,69143,66240,63875,NA,69143,69143,69143,72409,68164,69143,56463,69143,64271,69143,71512
Arizona,Cardinals,2007,68111,64542,71372,64844,61788,64403,85640,NA,65267,64753,65403,64483,64791,68193,70007,64159,64671
Arizona,Cardinals,2017,60957,63137,65102,64121,69596,63999,73736,NA,70133,64639,71680,63891,63986,64153,71026,63850,69078
Atlanta,Falcons,2003,64104,70241,70871,72765,70427,66075,70837,NA,70064,78813,68432,70891,70388,70079,57103,65572,70266
Atlanta,Falcons,2005,70806,66030,72032,69552,71079,65562,70995,NA,72187,71001,70794,62390,73661,70083,62170,65482,70796
Atlanta,Falcons,2007,62815,61821,68175,69312,69143,69828,69994,NA,66049,73340,69480,69845,62051,69553,65133,64159,64925
Atlanta,Falcons,2010,63609,66824,70051,66874,65290,69144,67665,NA,67266,68474,53005,68204,53955,71235,67101,70144,67349
Atlanta,Falcons,2011,62115,69608,46995,66266,69576,69047,63625,NA,65218,70359,68164,68115,71545,72680,68856,73084,68167
Atlanta,Falcons,2018,69696,72528,74457,71985,64781,72665,72756,NA,62386,62144,74447,73017,72262,77329,72084,73722,52884
Baltimore,Ravens,2007,66093,71246,71372,73024,67885,71175,70727,NA,63457,71130,71055,63337,71382,70513,70287,68164,71353
Baltimore,Ravens,2010,78127,64071,71119,64729,71246,68756,71220,NA,71305,68474,73021,70989,71418,71413,71432,65028,71088
Baltimore,Ravens,2012,71064,69144,71269,70944,68803,71384,71708,NA,65449,71339,63446,57882,71442,81178,71317,71470,61565
Baltimore,Ravens,2013,76977,71098,71168,68296,68342,71319,62295,NA,71513,70992,62367,71148,71005,70921,64742,71433,62406
Baltimore,Ravens,2016,71104,67431,60127,71152,71318,78487,78160,NA,71286,70921,93056,70903,70916,66829,71223,66276,54944
Baltimore,Ravens,2019,65012,70126,73390,70686,64037,70051,69012,NA,71157,45918,70731,72409,71029,69134,70545,67431,70695
Buffalo,Bills,2006,68756,72797,72067,71972,62206,60704,72180,NA,72205,57306,70125,63608,63361,77131,71011,54765,70913
Buffalo,Bills,2012,79088,69402,69353,70684,69732,60385,68836,NA,71698,68756,69118,64366,53971,68109,40770,54462,54533
Buffalo,Bills,2015,70319,70858,64869,70677,65670,69593,84021,NA,70214,78160,66829,72493,68544,69596,80124,70172,68670
Chicago,Bears,2008,66822,73828,62051,62099,59790,64096,62235,NA,62188,62124,71040,61994,63722,61736,61692,62151,70838
Chicago,Bears,2010,62080,85168,62179,77716,73464,62137,62155,NA,50746,62206,68752,62147,58119,62347,40504,62310,70833
Chicago,Bears,2011,62115,73019,62339,62135,67861,62322,76981,NA,69144,62396,62344,59244,61973,76487,61542,70574,62867
Chicago,Bears,2013,62213,62181,61575,64552,62361,62374,83147,NA,78122,62431,62367,66024,64134,62229,71513,69144,62708
Cincinnati,Bengals,2001,51521,51121,56048,62335,64217,63408,69343,NA,57161,63865,72918,52135,44920,77745,68987,63751,68798
Cincinnati,Bengals,2009,62831,70678,64538,69844,71161,64019,64900,NA,64313,65392,34112,64553,62545,63854,68889,64333,79106
Cincinnati,Bengals,2012,71064,63036,80060,63030,61162,67060,63411,NA,63623,56614,63336,56503,54980,63590,69144,63236,61565
Cleveland,Browns,2004,73068,63119,78521,73348,63609,73263,73394,NA,69781,73703,72547,65677,73028,72330,72489,73169,70724
Cleveland,Browns,2010,47211,65377,71119,66731,65290,65168,70077,NA,66292,67449,62254,64463,65942,50861,56342,65028,68303
Dallas,Cowboys,2007,63031,71615,62099,62866,71575,63984,63432,NA,67688,78964,63706,63315,64167,62759,63777,73860,90910
Dallas,Cowboys,2018,74532,90512,69047,90155,72008,90767,66301,NA,90466,69696,74447,92076,93004,93127,66654,92851,77750
Dallas,Cowboys,2019,90353,75128,90127,73086,93024,78523,91213,NA,76107,91188,61801,65878,90445,61276,90436,69796,90646
Denver,Broncos,2008,62762,75915,75713,74623,75480,75674,68756,NA,75499,73141,54644,76067,78809,75187,73690,74539,69131
Detroit,Lions,2006,60535,62181,61095,65563,63906,60704,76953,NA,60987,60707,63348,61562,68756,60861,70472,60665,63008
Green Bay,Packers,2000,59870,77722,59869,71801,59869,77549,59870,NA,73740,59854,65621,59869,73295,66944,59854,64183,59692
Green Bay,Packers,2002,63127,67958,61505,63329,63226,68436,63363,NA,63284,63313,64153,65672,64196,64070,67947,64106,78733
Green Bay,Packers,2003,70505,70244,58784,60257,70365,70407,66201,NA,64482,70291,65614,70250,62123,70458,64978,62298,70299
Green Bay,Packers,2008,71004,60285,71113,64122,70610,68302,71010,NA,69143,63845,71040,70668,70297,70245,65457,62151,70141
Green Bay,Packers,2011,70555,73167,62339,70529,69576,70604,63946,NA,68908,70519,70498,66263,80634,70524,74093,70574,70294
Green Bay,Packers,2017,78381,70826,78323,78362,93329,66848,78380,NA,77575,61285,77945,62147,77684,67431,74447,78092,62501
Houston,Texans,2012,71566,62907,76566,71581,79088,71702,71708,NA,71698,62410,71676,64827,69143,68756,71702,71688,66957
Houston,Texans,2013,59522,71718,71168,71756,69732,71104,74118,NA,71778,60845,71726,71659,71769,60414,65470,71761,69143
Indianapolis,Colts,2005,70501,56460,57127,69149,68084,57307,70621,NA,68756,57209,65995,57442,57228,67164,57389,67855,57211
Indianapolis,Colts,2013,65412,65406,69732,59695,66608,57954,67196,NA,71778,66004,69143,60882,65502,62507,65470,75396,66008
Jacksonville,Jaguars,2015,60733,65443,66829,65609,58490,58085,84021,NA,78160,70837,60121,59477,57355,62372,64016,73064,71899
Jacksonville,Jaguars,2017,71710,61709,84592,77562,66237,56232,63104,NA,60720,60835,57003,63891,61207,64431,64701,70133,65501
Kansas City,Chiefs,2007,70080,62095,78038,65175,76917,76846,62240,NA,78988,77368,57294,76210,74874,75895,74976,59938,76737
Kansas City,Chiefs,2009,71099,69169,69144,69238,71214,79572,69337,NA,45546,40720,70261,65280,68912,68668,53315,64333,73725
Los Angeles,Chargers,2018,25351,69187,68947,25397,25362,67431,84301,NA,68989,54750,25462,25343,61069,25358,75091,25571,75947
Los Angeles,Rams,2016,70178,91046,55009,64622,83679,56018,74121,NA,86109,78160,83483,73067,66829,82495,69067,83656,80729
Los Angeles,Rams,2017,60128,56612,70178,91869,60745,56232,73736,NA,76877,60032,66809,62006,63986,67752,69077,60097,66125
Miami,Dolphins,2002,72216,56650,73426,78178,73369,75941,73180,NA,63284,78920,73013,73138,73287,73609,73572,64285,68436
Miami,Dolphins,2006,64927,72797,72733,70071,68756,77439,73548,NA,62206,73132,73070,61562,73160,74033,71011,73500,57310
Miami,Dolphins,2016,69012,66829,65176,60834,64425,65351,65658,NA,65722,55107,83483,65856,70916,65750,78160,64690,66163
Minnesota,Vikings,2001,64108,66944,64105,70020,64048,64165,65558,NA,65638,64283,64214,62661,64271,72190,64150,59870,69465
Minnesota,Vikings,2008,71004,63585,62628,69143,70015,62867,62235,NA,62839,63845,65278,65064,63722,50444,64457,62889,63761
New England,Patriots,2009,68756,78312,68756,68756,76011,68756,84254,NA,68756,67476,68756,70768,70102,68756,70000,68756,71029
New Orleans,Saints,2004,64900,64900,65856,28109,64900,64900,45337,NA,59662,64900,64900,70521,58878,64056,65075,64900,73302
New York,Giants,2000,77434,65530,66944,78216,68341,50947,78189,NA,78087,72718,78174,77897,42094,83485,78164,61311,77924
New York,Giants,2010,77245,67275,78386,77716,71110,78341,91375,NA,67287,80851,69144,78533,78861,45910,81223,70649,76189
New York,Giants,2014,64401,78344,77462,80573,80307,69596,91028,NA,77975,68352,80352,80520,64687,69143,77628,55851,79150
New York,Giants,2016,92867,77727,78368,66690,78401,78487,74121,NA,80309,76218,78898,60034,65825,80874,79434,69596,79471
New York,Giants,2017,93183,77004,69596,63916,77373,76721,78527,NA,76877,70133,76363,73210,54994,78125,76896,63850,76269
New York,Jets,2005,78014,77918,77422,70479,77852,72045,70995,NA,77662,73529,76255,77152,68756,77561,72650,77569,76822
New York,Jets,2011,78702,78834,61546,71247,68756,78912,79088,NA,70133,79088,74746,79088,74121,79088,69144,79088,65811
Oakland,Raiders,2003,68809,50135,76753,54078,61099,73318,62391,NA,61561,51909,56653,78889,57201,53079,45398,62298,62222
Oakland,Raiders,2011,75671,68191,61546,62572,71420,57300,57361,NA,58125,68109,62748,59244,57225,70524,59069,70803,58721
Philadelphia,Eagles,2010,69144,56688,63256,69144,69732,69144,69143,NA,69144,84912,69144,62147,69144,85673,81223,69144,69144
Philadelphia,Eagles,2015,70516,69296,78160,74767,69296,69296,74194,NA,91827,69596,69596,64445,66829,69596,69596,69596,78023
Pittsburgh,Steelers,2009,65110,62231,64538,64045,59333,64398,65597,NA,76716,65392,70261,71314,61820,69009,57452,64068,70102
Pittsburgh,Steelers,2016,79124,65072,69596,61278,66385,65351,66009,NA,71286,67737,67431,66583,65825,69657,62096,66276,55921
San Diego,Chargers,2000,56373,51300,77604,47233,66010,56079,72351,NA,66659,59884,56896,75218,47228,57255,68805,72159,50809
San Diego,Chargers,2002,53705,56098,28980,66463,75065,58995,60974,NA,59772,66093,67161,73138,66357,67968,61838,77899,52159
San Diego,Chargers,2013,59522,69144,69143,68601,48834,57954,59550,NA,80115,68847,60256,75259,61536,65132,76497,65675,66374
San Francisco,49ers,2014,91174,70799,61572,70799,70799,56851,77047,NA,70799,73129,80352,70799,70799,55300,68526,70699,70699
San Francisco,49ers,2016,70178,74143,69010,70178,70178,70003,70178,NA,70178,65127,70178,65856,59782,70178,70164,83656,70178
Seattle,Seahawks,2005,65204,66030,64843,90215,65707,66196,67046,NA,43542,67192,63590,67102,67637,66690,69149,67855,69928
Seattle,Seahawks,2007,68044,64542,68110,67651,64478,68296,68164,NA,72927,68331,68249,65423,68445,68193,73421,68164,64925
St. Louis,Rams,2001,66243,67536,66046,77765,65992,78766,66189,NA,66069,60292,66198,59318,66218,70332,72438,66084,66033
St. Louis,Rams,2002,75710,65932,65652,66165,67853,66070,65931,NA,47819,66093,66250,79823,65552,78601,65939,63953,66118
St. Louis,Rams,2004,65538,70822,65856,66696,66940,66040,72945,NA,66107,66044,72393,70385,65793,73306,40070,66129,65877
Tampa Bay,Buccaneers,2004,90098,65089,60874,65341,64900,66040,65550,NA,65495,70810,65234,73124,65556,65858,65075,65380,31650
Tampa Bay,Buccaneers,2009,63806,70318,63689,86412,69144,62422,84254,NA,62994,66085,62720,67029,72455,62731,67011,70021,62578
Tampa Bay,Buccaneers,2011,51274,62461,46995,63972,69732,56590,76981,NA,73043,56037,70498,69143,56270,62562,65162,70363,68167
Tennessee,Titans,2013,61585,71718,69143,69143,69143,68127,69143,NA,54617,69143,69143,46001,65502,76554,69143,60559,69143
Tennessee,Titans,2017,69089,61709,69127,71804,65135,63888,59061,NA,67322,67432,60703,62207,62758,64153,70133,60097,65501
Tennessee,Titans,2018,65184,62372,64015,69013,68202,64441,84301,NA,90466,69363,57401,71826,60904,60344,74538,60746,68978
Washington,Redskins,2003,85420,70241,84856,83632,67792,85490,73149,NA,64002,80728,73263,73578,76821,78217,70284,50127,76766
Washington,Redskins,2006,90608,63152,70069,89450,78653,88550,57274,NA,90250,69143,65699,85450,86436,84164,69052,62324,86141
Washington,Redskins,2009,78206,87780,40896,86412,73487,79572,88241,NA,67982,85247,85277,69144,84520,44506,78359,88221,67554
Washington,Redskins,2015,76512,72460,76081,74767,70178,78160,72912,NA,66829,75086,74418,77367,80444,61026,80124,69596,90127
